--
-- PostgreSQL database dump
--

\restrict T0h9swmp1EZEqfePPWlZQca0qUfBpfjJRJTamI4ft7sXrTesj3FBeZ03kkUtsfE

-- Dumped from database version 15.14
-- Dumped by pg_dump version 15.14

SET statement_timeout = 0;
SET lock_timeout = 0;
SET idle_in_transaction_session_timeout = 0;
SET client_encoding = 'UTF8';
SET standard_conforming_strings = on;
SELECT pg_catalog.set_config('search_path', '', false);
SET check_function_bodies = false;
SET xmloption = content;
SET client_min_messages = warning;
SET row_security = off;

--
-- Name: public; Type: SCHEMA; Schema: -; Owner: postgres
--

-- *not* creating schema, since initdb creates it


ALTER SCHEMA public OWNER TO postgres;

--
-- Name: api_cursos_id_seq; Type: SEQUENCE; Schema: public; Owner: postgres
--

CREATE SEQUENCE public.api_cursos_id_seq
    START WITH 1
    INCREMENT BY 1
    NO MINVALUE
    NO MAXVALUE
    CACHE 1;


ALTER TABLE public.api_cursos_id_seq OWNER TO postgres;

SET default_tablespace = '';

SET default_table_access_method = heap;

--
-- Name: cursos; Type: TABLE; Schema: public; Owner: postgres
--

CREATE TABLE public.cursos (
    id bigint NOT NULL,
    curso character varying NOT NULL
);


ALTER TABLE public.cursos OWNER TO postgres;

--
-- Name: cursos_id_seq; Type: SEQUENCE; Schema: public; Owner: postgres
--

ALTER TABLE public.cursos ALTER COLUMN id ADD GENERATED ALWAYS AS IDENTITY (
    SEQUENCE NAME public.cursos_id_seq
    START WITH 1
    INCREMENT BY 1
    NO MINVALUE
    NO MAXVALUE
    CACHE 1
);


--
-- Name: estancias; Type: TABLE; Schema: public; Owner: postgres
--

CREATE TABLE public.estancias (
    id integer NOT NULL,
    planta text NOT NULL,
    codigo text NOT NULL,
    descripcion text NOT NULL,
    totalllaves integer DEFAULT 1 NOT NULL,
    coordenadas_json jsonb NOT NULL,
    armario character varying NOT NULL,
    codigollave character varying NOT NULL,
    reservable boolean DEFAULT false NOT NULL,
    tipoestancia character varying
);


ALTER TABLE public.estancias OWNER TO postgres;

--
-- Name: estancias_id_seq; Type: SEQUENCE; Schema: public; Owner: postgres
--

CREATE SEQUENCE public.estancias_id_seq
    AS integer
    START WITH 1
    INCREMENT BY 1
    NO MINVALUE
    NO MAXVALUE
    CACHE 1;


ALTER TABLE public.estancias_id_seq OWNER TO postgres;

--
-- Name: estancias_id_seq; Type: SEQUENCE OWNED BY; Schema: public; Owner: postgres
--

ALTER SEQUENCE public.estancias_id_seq OWNED BY public.estancias.id;


--
-- Name: libros; Type: TABLE; Schema: public; Owner: postgres
--

CREATE TABLE public.libros (
    id bigint NOT NULL,
    idcurso bigint NOT NULL,
    libro character varying NOT NULL
);


ALTER TABLE public.libros OWNER TO postgres;

--
-- Name: libros_id_seq; Type: SEQUENCE; Schema: public; Owner: postgres
--

ALTER TABLE public.libros ALTER COLUMN id ADD GENERATED ALWAYS AS IDENTITY (
    SEQUENCE NAME public.libros_id_seq
    START WITH 1
    INCREMENT BY 1
    NO MINVALUE
    NO MAXVALUE
    CACHE 1
);


--
-- Name: perfiles_usuario; Type: TABLE; Schema: public; Owner: postgres
--

CREATE TABLE public.perfiles_usuario (
    id integer NOT NULL,
    uid character varying(255) NOT NULL,
    perfil character varying(50) NOT NULL
);


ALTER TABLE public.perfiles_usuario OWNER TO postgres;

--
-- Name: perfiles_usuario_id_seq; Type: SEQUENCE; Schema: public; Owner: postgres
--

CREATE SEQUENCE public.perfiles_usuario_id_seq
    AS integer
    START WITH 1
    INCREMENT BY 1
    NO MINVALUE
    NO MAXVALUE
    CACHE 1;


ALTER TABLE public.perfiles_usuario_id_seq OWNER TO postgres;

--
-- Name: perfiles_usuario_id_seq; Type: SEQUENCE OWNED BY; Schema: public; Owner: postgres
--

ALTER SEQUENCE public.perfiles_usuario_id_seq OWNED BY public.perfiles_usuario.id;


--
-- Name: periodos_horarios_id_seq; Type: SEQUENCE; Schema: public; Owner: postgres
--

CREATE SEQUENCE public.periodos_horarios_id_seq
    START WITH 1
    INCREMENT BY 1
    NO MINVALUE
    NO MAXVALUE
    CACHE 1;


ALTER TABLE public.periodos_horarios_id_seq OWNER TO postgres;

--
-- Name: periodos_horarios; Type: TABLE; Schema: public; Owner: postgres
--

CREATE TABLE public.periodos_horarios (
    id integer DEFAULT nextval('public.periodos_horarios_id_seq'::regclass) NOT NULL,
    nombre character varying NOT NULL,
    inicio time without time zone NOT NULL,
    fin time without time zone NOT NULL
);


ALTER TABLE public.periodos_horarios OWNER TO postgres;

--
-- Name: prestamos; Type: TABLE; Schema: public; Owner: postgres
--

CREATE TABLE public.prestamos (
    id bigint NOT NULL,
    uid character varying NOT NULL,
    esalumno boolean DEFAULT true,
    doc_compromiso integer DEFAULT 0,
    fechaentregadoc date,
    fecharecepciondoc date,
    iniciocurso boolean DEFAULT false NOT NULL
);


ALTER TABLE public.prestamos OWNER TO postgres;

--
-- Name: prestamos_id_seq; Type: SEQUENCE; Schema: public; Owner: postgres
--

ALTER TABLE public.prestamos ALTER COLUMN id ADD GENERATED ALWAYS AS IDENTITY (
    SEQUENCE NAME public.prestamos_id_seq
    START WITH 1
    INCREMENT BY 1
    NO MINVALUE
    NO MAXVALUE
    CACHE 1
);


--
-- Name: prestamos_items_id_seq; Type: SEQUENCE; Schema: public; Owner: postgres
--

CREATE SEQUENCE public.prestamos_items_id_seq
    START WITH 1
    INCREMENT BY 1
    NO MINVALUE
    NO MAXVALUE
    CACHE 1;


ALTER TABLE public.prestamos_items_id_seq OWNER TO postgres;

--
-- Name: prestamos_items; Type: TABLE; Schema: public; Owner: postgres
--

CREATE TABLE public.prestamos_items (
    id bigint DEFAULT nextval('public.prestamos_items_id_seq'::regclass) NOT NULL,
    idprestamo bigint NOT NULL,
    idlibro bigint NOT NULL,
    fechaentrega date,
    fechadevolucion date,
    devuelto boolean DEFAULT false NOT NULL,
    entregado boolean DEFAULT false NOT NULL
);


ALTER TABLE public.prestamos_items OWNER TO postgres;

--
-- Name: prestamos_llaves; Type: TABLE; Schema: public; Owner: postgres
--

CREATE TABLE public.prestamos_llaves (
    id integer NOT NULL,
    idestancia integer NOT NULL,
    unidades integer DEFAULT 1 NOT NULL,
    fechaentrega timestamp with time zone DEFAULT CURRENT_TIMESTAMP NOT NULL,
    fechadevolucion timestamp with time zone,
    uid character varying NOT NULL,
    devuelta boolean NOT NULL
);


ALTER TABLE public.prestamos_llaves OWNER TO postgres;

--
-- Name: prestamos_llaves_id_seq; Type: SEQUENCE; Schema: public; Owner: postgres
--

ALTER TABLE public.prestamos_llaves ALTER COLUMN id ADD GENERATED ALWAYS AS IDENTITY (
    SEQUENCE NAME public.prestamos_llaves_id_seq
    START WITH 1
    INCREMENT BY 1
    NO MINVALUE
    NO MAXVALUE
    CACHE 1
);


--
-- Name: reservas_estancias_id_seq; Type: SEQUENCE; Schema: public; Owner: postgres
--

CREATE SEQUENCE public.reservas_estancias_id_seq
    START WITH 1
    INCREMENT BY 1
    NO MINVALUE
    NO MAXVALUE
    CACHE 1;


ALTER TABLE public.reservas_estancias_id_seq OWNER TO postgres;

--
-- Name: reservas_estancias; Type: TABLE; Schema: public; Owner: postgres
--

CREATE TABLE public.reservas_estancias (
    id integer DEFAULT nextval('public.reservas_estancias_id_seq'::regclass) NOT NULL,
    idestancia bigint NOT NULL,
    idperiodo_inicio bigint NOT NULL,
    idperiodo_fin bigint NOT NULL,
    uid character varying NOT NULL,
    fecha date,
    descripcion text NOT NULL
);


ALTER TABLE public.reservas_estancias OWNER TO postgres;

--
-- Name: restricciones_id_seq; Type: SEQUENCE; Schema: public; Owner: postgres
--

CREATE SEQUENCE public.restricciones_id_seq
    START WITH 1
    INCREMENT BY 1
    NO MINVALUE
    NO MAXVALUE
    CACHE 1;


ALTER TABLE public.restricciones_id_seq OWNER TO postgres;

--
-- Name: restricciones; Type: TABLE; Schema: public; Owner: postgres
--

CREATE TABLE public.restricciones (
    id integer DEFAULT nextval('public.restricciones_id_seq'::regclass) NOT NULL,
    tipo character varying(255) NOT NULL,
    restriccion character varying(255) NOT NULL,
    descripcion character varying(255) NOT NULL,
    valor_num integer NOT NULL,
    valor_bool boolean NOT NULL
);


ALTER TABLE public.restricciones OWNER TO postgres;

--
-- Name: session; Type: TABLE; Schema: public; Owner: postgres
--

CREATE TABLE public.session (
    sid character varying NOT NULL,
    sess json NOT NULL,
    expire timestamp(6) without time zone NOT NULL
);


ALTER TABLE public.session OWNER TO postgres;

--
-- Name: estancias id; Type: DEFAULT; Schema: public; Owner: postgres
--

ALTER TABLE ONLY public.estancias ALTER COLUMN id SET DEFAULT nextval('public.estancias_id_seq'::regclass);


--
-- Name: perfiles_usuario id; Type: DEFAULT; Schema: public; Owner: postgres
--

ALTER TABLE ONLY public.perfiles_usuario ALTER COLUMN id SET DEFAULT nextval('public.perfiles_usuario_id_seq'::regclass);


--
-- Data for Name: cursos; Type: TABLE DATA; Schema: public; Owner: postgres
--

COPY public.cursos (id, curso) FROM stdin;
1	1º ESO
3	2º ESO
4	4º ESO
5	1º CFGB
2	3º ESO
6	3º DIVER
7	4º DIVER
8	2º CFGB
\.


--
-- Data for Name: estancias; Type: TABLE DATA; Schema: public; Owner: postgres
--

COPY public.estancias (id, planta, codigo, descripcion, totalllaves, coordenadas_json, armario, codigollave, reservable, tipoestancia) FROM stdin;
11	baja	DptoMates	Departamento Matemáticas	3	[[0.879098712446352, 0.7546744871903203], [0.9141487839771102, 0.7538303322829485], [0.9127181688125894, 0.8542847662601836], [0.8783834048640916, 0.8534406113528118]]	Llavera 1	17	f	Departamento
15	baja	AlmacenConserjeria	Almacén Conserjería	2	[[0.7496280400572246, 0.9454534962563296], [0.788969957081545, 0.9437651864415861], [0.7875393419170243, 0.9733106081995965], [0.7510586552217453, 0.9733106081995965]]	Llavera 1	55	f	Almacen
78	primera	DptoClasicas	Departamento Clásicas	2	[[0.7716606498194946, 0.30303030303030304], [0.8231046931407943, 0.3041958041958042], [0.8249097472924187, 0.3473193473193473], [0.7734657039711191, 0.34965034965034963]]		37	f	
72	baja	DptoFrances	Departamento Economía y Frances	2	[[0.7851985559566786, 0.21445221445221446], [0.8375451263537906, 0.21328671328671328], [0.8366425992779783, 0.2564102564102564], [0.7842960288808665, 0.2540792540792541]]	Llavera 2	33	f	
84	primera	LaboratorioFyQ	Laboratorio Física y Química	1	[[0.5189530685920578, 0.752913752913753], [0.5388086642599278, 0.754079254079254], [0.5370036101083032, 0.7354312354312355], [0.6101083032490975, 0.7331002331002331], [0.6101083032490975, 0.7552447552447552], [0.6272563176895307, 0.7564102564102564], [0.6263537906137184, 0.8473193473193473], [0.51985559566787, 0.8438228438228438]]	Llavera 1	94	f	
9	baja	Aula3	1º Ciclo Básico	6	[[0.6530615164520744, 0.48538907173874063], [0.7532045779685265, 0.4837007619239972], [0.7546351931330472, 0.615388927473986], [0.6509155937052933, 0.6170772372887294]]	Llavera 2	21	f	Aula
10	baja	SalaProfesores	Sala de Profesores	1	[[0.9170100143061517, 0.7546744871903203], [0.9914020028612304, 0.7546744871903203], [0.9914020028612304, 0.9758430729217117], [0.9148640915593705, 0.9733106081995965]]	Llavera 1	51	f	Aula
24	baja	AlmacenTecnologia	Tecnología (Almacén)	1	[[0.45349070100143063, 0.8644146251486442], [0.4527753934191702, 0.8829860331108221], [0.49068669527896996, 0.8846743429255656], [0.4921173104434907, 0.8635704702412725]]	Llavera 1	4	f	Aula
45	primera	Aula20	Infolab 1	3	[[0.6416309012875536, 0.4825669107073874], [0.7453505007153076, 0.4834135193226635], [0.7439198855507868, 0.6214107236126708], [0.6416309012875536, 0.6222573322279469]]	Llavera 1	81	t	Infolab
41	segunda	Aula25	Infolab 3	3	[[0.2632331902718169, 0.7539866355937871], [0.2811158798283262, 0.7523036297107653], [0.27968526466380544, 0.7337905649975249], [0.35264663805436336, 0.7346320679390358], [0.35550786838340487, 0.7539866355937871], [0.37124463519313305, 0.7556696414768089], [0.3698140200286123, 0.8415029415109231], [0.265379113018598, 0.8406614385694121]]	Llavera 1	89	t	Infolab
36	segunda	Radio	Radio EDU	2	[[0.7746781115879828, 0.7506206238277434], [0.8104434907010014, 0.7539866355937871], [0.8082975679542204, 0.8583330003411415], [0.7753934191702432, 0.8616990121071852]]	Llavera 1	22	f	Otras
79	primera	DptoMusica	Departamento Música	2	[[0.7725631768953068, 0.5326340326340326], [0.822202166064982, 0.5337995337995338], [0.8249097472924187, 0.5710955710955711], [0.7743682310469314, 0.5745920745920746]]		36	f	
73	baja	DptoHistoria	Departamento Historia	1	[[0.7861010830324909, 0.25757575757575757], [0.8348375451263538, 0.25990675990675993], [0.8348375451263538, 0.3006993006993007], [0.7851985559566786, 0.3006993006993007]]		32	f	
35	segunda	AlmacenCiclos	Almacén Ciclos	2	[[0.7353361945636624, 0.754828138535298], [0.7739628040057225, 0.7506206238277434], [0.7732474964234621, 0.842344444452434], [0.7353361945636624, 0.8415029415109231]]	Llavera 1	25	f	Aula
47	primera	Aula 19	Optativa 4	6	[[0.8884120171673819, 0.8863992201940958], [0.9971387696709585, 0.8872458288093719], [0.9964234620886981, 0.9769863420286404], [0.9799713876967096, 0.9769863420286404], [0.9814020028612304, 0.9939185143341628], [0.9048640915593705, 0.995611731564715], [0.9055793991416309, 0.973599907567536], [0.8876967095851216, 0.9778329506439165]]	Llavera 1		f	Aula
20	baja	Educadora	Educadora Social	1	[[0.6373247496423462, 0.7538303322829485], [0.6709442060085837, 0.7555186420976919], [0.6709442060085837, 0.8213627248726864], [0.6366094420600859, 0.8213627248726864]]	Llavera 1	15	f	Despacho
59	primera	DptoIdiomas	Seminario Idiomas	3	[[0.37124463519313305, 0.8821661771177152], [0.42560801144492133, 0.8821661771177152], [0.4248927038626609, 0.9769863420286404], [0.3719599427753934, 0.9727532989522598]]	Llavera 1	33	f	Departamento
60	primera	DptoLengua	Seminario Lengua	3	[[0.4270386266094421, 0.8821661771177152], [0.4792560801144492, 0.8813195685024391], [0.4771101573676681, 0.9761397334133644], [0.4263233190271817, 0.9786795592591927]]	Llavera 1	9	f	Departamento
66	segunda	DptoCiclo	Departamento Ciclos	3	[[0.1917024320457797, 0.864223520931718], [0.22532188841201717, 0.8659065268147398], [0.22532188841201717, 0.9668868797960506], [0.19098712446351931, 0.9660453768545396]]	Llavera 1	37	f	Departamento
50	primera	Aula 14	1º BACH A	6	[[0.6301859799713877, 0.7585613192874019], [0.648068669527897, 0.7585613192874019], [0.648068669527897, 0.7382427125207751], [0.7217453505007153, 0.7390893211360512], [0.7203147353361946, 0.7526350589804691], [0.7374821173104434, 0.7594079279026781], [0.740343347639485, 0.844915398045566], [0.628755364806867, 0.8457620066608421]]	Llavera 1	78	f	Aula
51	primera	Aula 15	1º BACH B	6	[[0.628755364806867, 0.888092437424648], [0.740343347639485, 0.8872458288093719], [0.7396280400572246, 0.9727532989522598], [0.7224606580829757, 0.9761397334133644], [0.7246065808297568, 0.9981515574105434], [0.6459227467811158, 0.9973049487952672], [0.6452074391988555, 0.9778329506439165], [0.6301859799713877, 0.9769863420286404]]	Llavera 1	78	f	Aula
52	primera	Aula 7	4º DIVER	6	[[0.001430615164520744, 0.7585613192874019], [0.019313304721030045, 0.7560214934415735], [0.019313304721030045, 0.7373961039054989], [0.09370529327610873, 0.7365494952902228], [0.09155937052932761, 0.7560214934415735], [0.11015736766809728, 0.7577147106721258], [0.11158798283261803, 0.8466086152761182], [0.00357653791130186, 0.8466086152761182]]	Llavera 1	21	f	Aula
53	primera	Aula 8	4º ESO B	6	[[0.002145922746781116, 0.8889390460399241], [0.11301859799713877, 0.8897856546552002], [0.11158798283261803, 0.9752931247980882], [0.09370529327610873, 0.9761397334133644], [0.09585121602288985, 0.9964583401799911], [0.01859799713876967, 0.9973049487952672], [0.020028612303290415, 0.9744465161828121], [0.002145922746781116, 0.9752931247980882]]	Llavera 1	78	f	Aula
54	primera	Aula 9	4º ESO A	6	[[0.11158798283261803, 0.7560214934415735], [0.13090128755364808, 0.7585613192874019], [0.12947067238912732, 0.7382427125207751], [0.20457796852646637, 0.7348562780596706], [0.20386266094420602, 0.7568681020568497], [0.22317596566523606, 0.7577147106721258], [0.22317596566523606, 0.8466086152761182], [0.11373390557939914, 0.8491484411219465]]	Llavera 1	78	f	Aula
55	primera	Aula 10	Optativa 5	6	[[0.11158798283261803, 0.8855526115788197], [0.21959942775393418, 0.8872458288093719], [0.2217453505007153, 0.973599907567536], [0.20243204577968527, 0.9752931247980882], [0.20314735336194564, 0.9964583401799911], [0.12947067238912732, 0.9981515574105434], [0.13161659513590845, 0.9769863420286404], [0.11158798283261803, 0.9786795592591927]]	Llavera 1	78	f	Aula
32	baja	CPD	CPD (Centro de Proceso de Datos)	3	[[0.7861087267525035, 0.5250643523852117], [0.7861087267525035, 0.5503889996063633], [0.8347496423462089, 0.5503889996063633], [0.8383261802575107, 0.5250643523852117]]	Llavera 2	10	f	Aula
56	primera	Aula 11	2º BACH A	6	[[0.26108726752503575, 0.7560214934415735], [0.27682403433476394, 0.7560214934415735], [0.2782546494992847, 0.7365494952902228], [0.351931330472103, 0.7340096694443945], [0.351931330472103, 0.7543282762110213], [0.36909871244635195, 0.7577147106721258], [0.36909871244635195, 0.8457620066608421], [0.26108726752503575, 0.8466086152761182]]	Llavera 1	78	f	Aula
57	primera	Aula 12	2º BACH B	6	[[0.2625178826895565, 0.8872458288093719], [0.3719599427753934, 0.888092437424648], [0.37124463519313305, 0.9769863420286404], [0.351931330472103, 0.9769863420286404], [0.35050071530758226, 0.9947651229494389], [0.27753934191702434, 0.9964583401799911], [0.2782546494992847, 0.9778329506439165], [0.26108726752503575, 0.9761397334133644]]	Llavera 1	78	f	Aula
58	primera	Aula 13	2º Ciclo Grado Medio	6	[[0.37124463519313305, 0.7568681020568497], [0.38912732474964234, 0.7577147106721258], [0.388412017167382, 0.7382427125207751], [0.463519313304721, 0.7399359297513273], [0.46280400572246067, 0.7551748848262975], [0.47854077253218885, 0.7551748848262975], [0.4792560801144492, 0.8474552238913944], [0.3719599427753934, 0.8457620066608421]]	Llavera 2	21	f	Aula
62	primera	Aula 24	Optativa 2	6	[[0.6430615164520744, 0.003386434461104473], [0.746065808297568, 0.003386434461104473], [0.7432045779685265, 0.14053703013583563], [0.6409155937052933, 0.1388438129052834]]	Llavera 2	21	f	Aula
63	primera	Optativa3	Optativa 3	6	[[0.6409155937052933, 0.14138363875111173], [0.7439198855507868, 0.14138363875111173], [0.7453505007153076, 0.2082657193579251], [0.6409155937052933, 0.20657250212737285]]	Llavera 2	21	f	Aula
64	primera	Aula22	2º ESO A	6	[[0.6430615164520744, 0.2099589365884773], [0.7432045779685265, 0.21080554520375344], [0.7432045779685265, 0.3411832719562756], [0.642346208869814, 0.3445697064173801]]	Llavera 2	21	f	Aula
65	primera	Aula 21	2º ESO B	6	[[0.6409155937052933, 0.3496493581090368], [0.7446351931330472, 0.3462629236479324], [0.7432045779685265, 0.48002708486155904], [0.6402002861230329, 0.47833386763100677]]	Llavera 2	21	f	Aula
61	primera	Musica	Musica	1	[[0.5185979971387696, 0.8872458288093719], [0.628755364806867, 0.8889390460399241], [0.6258941344778255, 0.9752931247980882], [0.5214592274678111, 0.973599907567536]]	Llavera 1	8	f	Aula
7	baja	Aula5	1º ESO A	6	[[0.652346208869814, 0.20850626212081555], [0.7539198855507868, 0.210194571935559], [0.7532045779685265, 0.3427268923929195], [0.6509155937052933, 0.34188273748554776]]	Llavera 2	21	f	Aula
12	baja	AulaPT	Aula PT	5	[[0.8798140200286123, 0.886362652740309], [0.9184406294706724, 0.8855184978329373], [0.9155793991416309, 0.9749989180143399], [0.8798140200286123, 0.9741547631069682]]	Llavera 1	75	f	Aula
43	segunda	Aula 26	Infolab 2	3	[[0.2646638054363376, 0.8810535797619364], [0.3719599427753934, 0.8793705738789146], [0.3719599427753934, 0.9652038739130288], [0.35264663805436336, 0.9668868797960506], [0.35264663805436336, 0.9862414474508018], [0.2811158798283262, 0.9879244533338236], [0.2825464949928469, 0.9652038739130288], [0.2646638054363376, 0.9694113886205834]]	Llavera 1	88	t	Infolab
14	baja	Infolab4	Infolab 4	2	[[0.7911158798283262, 0.8888951174624242], [0.8397567954220315, 0.8905834272771677], [0.8383261802575107, 0.9733106081995965], [0.7904005722460659, 0.9733106081995965]]	Llavera 1	45	t	Infolab
30	baja	AulaKin	AulaKin	1	[[0.06150214592274678, 0.7538303322829485], [0.06221745350500715, 0.8424665975569794], [0.2324606580829757, 0.8433107524643512], [0.23103004291845494, 0.7555186420976919]]	Llavera 1	81	t	Otras
67	baja	Emprendimiento	Emprendimiento	2	[[0.41425992779783394, 0.754079254079254], [0.49097472924187724, 0.7552447552447552], [0.4891696750902527, 0.8414918414918415], [0.41335740072202165, 0.8426573426573427]]	Llavera 2	0	t	Aula
19	baja	Secretaria	Secretaria	1	[[0.6723748211731044, 0.7555186420976919], [0.705994277539342, 0.7538303322829485], [0.7052789699570815, 0.8213627248726864], [0.6723748211731044, 0.8213627248726864]]	Llavera 1	29	f	Despacho
13	baja	Dpto FyQ	Departamento FyQ	1	[[0.8426180257510729, 0.9294145530162669], [0.8783834048640916, 0.9319470177383821], [0.8783834048640916, 0.9733106081995965], [0.8419027181688126, 0.9724664532922247]]	Llavera 1	34	f	Departamento
17	baja	Orientacion	Departamento Orientación	1	[[0.7145779685264664, 0.9066223705172304], [0.7481974248927039, 0.9066223705172304], [0.7496280400572246, 0.971622298384853], [0.713862660944206, 0.9733106081995965]]	Llavera 1	20	f	Departamento
23	baja	OficinasSecretaria	Secretaría (Oficinas)	1	[[0.52931330472103, 0.7555186420976919], [0.5929756795422032, 0.7538303322829485], [0.5936909871244636, 0.8382458230201209], [0.5471959942775394, 0.8416224426496077], [0.5493419170243204, 0.801103007095765], [0.5278826895565093, 0.801103007095765]]	Llavera 1	58	f	Despacho
18	baja	JefaturaEstudios	Jefatura de Estudios	1	[[0.7074248927038627, 0.7546744871903203], [0.7489127324749643, 0.7572069519124354], [0.7489127324749643, 0.8399341328348643], [0.7074248927038627, 0.8365575132053774]]	Llavera 1	53	f	Despacho
71	baja	Ascensor	Ascensor	3	[[0.7779783393501805, 0.6853146853146853], [0.7978339350180506, 0.682983682983683], [0.7969314079422383, 0.7202797202797203], [0.7815884476534296, 0.7191142191142191]]	Llavera 1	105	f	Otras
26	baja	Tecnologia	Tecnología (Taller)	1	[[0.2703719599427754, 0.8661029349633876], [0.4527753934191702, 0.865258780056016], [0.4527753934191702, 0.971622298384853], [0.27108726752503576, 0.971622298384853]]	Llavera 1	5	f	Laboratorio
74	baja	DptoTecnologia-Agraria	Departamento Tecnología y Agraria	3	[[0.7861010830324909, 0.3041958041958042], [0.8366425992779783, 0.30536130536130535], [0.8357400722021661, 0.3473193473193473], [0.7870036101083032, 0.3508158508158508]]	Llavera 2	31	f	
80	primera	DptoBioGeo	Departamento BioGeo	1	[[0.7734657039711191, 0.5769230769230769], [0.825812274368231, 0.5745920745920746], [0.822202166064982, 0.6153846153846154], [0.7734657039711191, 0.6188811188811189]]		35	f	
28	baja	Puerta Trasera	Puerta Trasera	1	[[0.23103004291845494, 0.7276615301544251], [0.23103004291845494, 0.770713430430383], [0.2703719599427754, 0.7690251206156395], [0.27180257510729616, 0.7285056850617968]]	Llavera 1	62	f	Aula
16	baja	SalidaAparcamiento	Salida Aparcamiento	2	[[0.7782403433476395, 0.7183758261733362], [0.7946924177396281, 0.7175316712659644], [0.7954077253218884, 0.7555186420976919], [0.781101573676681, 0.7555186420976919]]	Llavera 1	96	f	Aula
27	baja	TallerElectricidad	Taller Electricidad	2	[[0.3068526466380544, 0.7538303322829485], [0.3089985693848355, 0.8416224426496077], [0.37909871244635196, 0.8416224426496077], [0.3798140200286123, 0.7563627970050637]]	Llavera 1	32	f	Aula
8	baja	Aula4	Optativa 1	6	[[0.652346208869814, 0.34610351202240636], [0.7553505007153076, 0.3469476669297781], [0.7546351931330472, 0.48201245210925375], [0.6516309012875536, 0.48116829720188203]]	Llavera 2	21	f	Aula
6	baja	Aula6	1º ESO B	6	[[0.652346208869814, 0.004220800633120095], [0.7532045779685265, 0.004220800633120095], [0.7539198855507868, 0.14013058101958714], [0.6530615164520744, 0.14097474114621117]]	Llavera 2	21	f	Aula
33	baja	Ascensor	Ascensor	3	[[0.7846781115879828, 0.44571379109226966], [0.8111444921316167, 0.44486963618489794], [0.8075679542203148, 0.48201245210925375], [0.7832474964234621, 0.48116829720188203]]	Llavera 1	105	f	Aula
34	baja	PistasAmericas	Pistas "Las Américas"	2	[[0.0836766809728183, 0.2068179523060721], [0.30542203147353364, 0.20766210721344383], [0.30327610872675254, 0.30389576665382023], [0.08224606580829756, 0.30473992156119195]]	Llavera 1	111	f	Aula
29	baja	Calderas	Calderas	2	[[0.012145922746781116, 0.7200641359880796], [0.21529327610872676, 0.7209082908954514], [0.21600858369098713, 0.7529861773755768], [0.011430615164520744, 0.7538303322829485]]	Llavera 1	13	f	Aula
31	baja	EntradaPrincipal	Entrada Principal	1	[[0.5128612303290415, 0.9614924394963924], [0.5135765379113019, 0.9885053965322875], [0.5471959942775394, 0.9868170867175441], [0.5493419170243204, 0.9614924394963924]]	Llavera 1	61	f	Aula
68	baja	2CicloBasico	2º Ciclo Básico	6	[[0.7942238267148014, 0.7610722610722611], [0.8754512635379061, 0.754079254079254], [0.878158844765343, 0.8484848484848485], [0.7915162454873647, 0.8484848484848485]]	Llavera 1	78	f	Aula
70	baja	GimnasioTrujillo	Gimnasio Trujillo	2	[[0.30685920577617326, 0.21328671328671328], [0.38176895306859204, 0.21095571095571095], [0.3844765342960289, 0.30652680652680653], [0.30505415162454874, 0.3076923076923077]]	Llavera 2	2circulo	f	Aula
69	baja	GimnasioViejo	Gimnasio Viejo	2	[[0.023465703971119134, 0.844988344988345], [0.2292418772563177, 0.8496503496503497], [0.23014440433212996, 0.9662004662004662], [0.024368231046931407, 0.972027972027972]]	Llavera 1	2	f	Aula
75	primera	DptoEdFisica	1	1	[[0.7725631768953068, 0.10023310023310024], [0.822202166064982, 0.10023310023310024], [0.8212996389891697, 0.1456876456876457], [0.76985559566787, 0.1456876456876457]]		40	f	
81	segunda	TallerGM	Taller Grado Medio	1	[[0.5171480144404332, 0.8787878787878788], [0.5875451263537906, 0.8741258741258742], [0.5884476534296029, 0.9836829836829837], [0.5370036101083032, 0.9801864801864801], [0.5370036101083032, 0.9662004662004662], [0.5216606498194946, 0.9662004662004662]]	Llavera 1	14	f	
76	primera	DptoFilosofia	Departamento Filosofía	2	[[0.7725631768953068, 0.21561771561771562], [0.8231046931407943, 0.21678321678321677], [0.8231046931407943, 0.2564102564102564], [0.7716606498194946, 0.25874125874125875]]		39	f	
82	segunda	1GM	1 Grado Medio	6	[[0.6272563176895307, 0.8776223776223776], [0.7346570397111913, 0.87995337995338], [0.7310469314079422, 0.965034965034965], [0.7175090252707581, 0.9662004662004662], [0.7138989169675091, 0.9836829836829837], [0.6453068592057761, 0.9836829836829837], [0.6425992779783394, 0.965034965034965], [0.628158844765343, 0.9662004662004662]]		78	f	
22	baja	Biblioteca	Biblioteca	2	[[0.5457653791130186, 0.886362652740309], [0.7131473533619457, 0.8846743429255656], [0.713862660944206, 0.9733106081995965], [0.5471959942775394, 0.9741547631069682]]	Llavera 1	1	t	Otras
40	segunda	LabBioGeo	Laboratorio BioGeo	2	[[0.3726752503576538, 0.7531451326522761], [0.39198855507868385, 0.754828138535298], [0.38912732474964234, 0.732949062056014], [0.4642346208869814, 0.7337905649975249], [0.4642346208869814, 0.754828138535298], [0.4814020028612303, 0.7581941503013416], [0.4792560801144492, 0.8389784326863903], [0.3741058655221745, 0.842344444452434]]	Llavera 1	12	t	Laboratorio
21	baja	Direccion	Dirección	1	[[0.5958369098712446, 0.7538303322829485], [0.6344635193133047, 0.7538303322829485], [0.6358941344778255, 0.8213627248726864], [0.5951216022889843, 0.8196744150579429]]	Llavera 1	16	f	Despacho
77	primera	DptoDibujo	Departamento Dibujo	2	[[0.7716606498194946, 0.25874125874125875], [0.8212996389891697, 0.25990675990675993], [0.822202166064982, 0.30186480186480186], [0.7734657039711191, 0.3041958041958042]]		38	f	
83	primera	AulaAL	Aula AL	2	[[0.22563176895306858, 0.7575757575757576], [0.25902527075812276, 0.7564102564102564], [0.26173285198555957, 0.8461538461538461], [0.22563176895306858, 0.8438228438228438]]	Llavera 1	7	f	Aula
44	segunda	Dibujo	Dibujo	1	[[0.3726752503576538, 0.8802120768204255], [0.4799713876967096, 0.8802120768204255], [0.4792560801144492, 0.9685698856790724], [0.4642346208869814, 0.9668868797960506], [0.4642346208869814, 0.9887659562753346], [0.3905579399141631, 0.9870829503923128], [0.39127324749642345, 0.9702528915620943], [0.3726752503576538, 0.9668868797960506]]	Llavera 1	26	f	Aula
42	segunda	InformaticaCiclos	Informática Ciclos	4	[[0.2246065808297568, 0.8633820179902071], [0.19027181688125894, 0.8616990121071852], [0.19098712446351931, 0.754828138535298], [0.2632331902718169, 0.754828138535298], [0.2625178826895565, 0.8389784326863903], [0.22532188841201717, 0.8406614385694121]]	Llavera 1	24	f	Aula
39	segunda	1GradoSuperior	1º Grado Superior	2	[[0.5207439198855508, 0.7531451326522761], [0.5364806866952789, 0.754828138535298], [0.5357653791130186, 0.7346320679390358], [0.6080114449213162, 0.7354735708805468], [0.6087267525035766, 0.7523036297107653], [0.6237482117310443, 0.7539866355937871], [0.6251788268955651, 0.8415029415109231], [0.5207439198855508, 0.8431859473939449]]	Llavera 1	11	f	Aula
38	segunda	2GradoSuperior	2º Grado Superior	3	[[0.6258941344778255, 0.7539866355937871], [0.6452074391988555, 0.7531451326522761], [0.6466380543633763, 0.7337905649975249], [0.7188841201716738, 0.7337905649975249], [0.7195994277539342, 0.7531451326522761], [0.7353361945636624, 0.7531451326522761], [0.7339055793991416, 0.8415029415109231], [0.6266094420600858, 0.8440274503354558]]	Llavera 1	21	f	Aula
37	segunda	AlmacenInformatica	Almacen Informática	1	[[0.7746781115879828, 0.8625405150486961], [0.8090128755364807, 0.8625405150486961], [0.8061516452074392, 0.9668868797960506], [0.7753934191702432, 0.9660453768545396]]	Llavera 1	22	f	Aula
46	primera	Aula 18	3º ESO A	6	[[0.8884120171673819, 0.7577147106721258], [0.907725321888412, 0.7560214934415735], [0.9070100143061517, 0.7357028866749468], [0.9821173104434907, 0.7365494952902228], [0.9821173104434907, 0.7594079279026781], [0.9985693848354793, 0.7560214934415735], [0.9985693848354793, 0.8440687894302898], [0.8876967095851216, 0.8483018325066705]]	Llavera 1	78	f	Aula
25	baja	Conserjeria	Conserjería	1	[[0.45635193133047214, 0.8846743429255656], [0.4549213161659514, 0.9699339885701096], [0.5135765379113019, 0.9707781434774813], [0.5142918454935622, 0.9294145530162669], [0.4914020028612303, 0.92603793338678], [0.4921173104434907, 0.8846743429255656]]	Llavera 1	57	f	Aula
48	primera	Aula 16	3º ESO B	6	[[0.7796852646638054, 0.7560214934415735], [0.7954220314735336, 0.7534816675957452], [0.7975679542203148, 0.7382427125207751], [0.8683834048640916, 0.7365494952902228], [0.869098712446352, 0.7551748848262975], [0.8891273247496424, 0.7602545365179542], [0.8862660944206009, 0.8466086152761182], [0.778969957081545, 0.8457620066608421]]	Llavera 1	78	f	Aula
49	primera	Aula 17	3º DIVER	6	[[0.7796852646638054, 0.888092437424648], [0.8898426323319027, 0.8872458288093719], [0.8891273247496424, 0.9752931247980882], [0.8705293276108726, 0.9761397334133644], [0.8683834048640916, 0.9998447746410957], [0.7975679542203148, 0.9989981660258195], [0.796137339055794, 0.9752931247980882], [0.7782546494992847, 0.9761397334133644]]	Llavera 1	78	f	Aula
\.


--
-- Data for Name: libros; Type: TABLE DATA; Schema: public; Owner: postgres
--

COPY public.libros (id, idcurso, libro) FROM stdin;
3	1	LENGUA CASTELLANA Y LITERATURA (1-2-3)
4	1	BIOLOGÍA Y GEOLOGÍA
13	1	2ª LENGUA EXTRANJERA: FRANCÉS
6	1	1ª LENGUA EXTRANJERA: INGLÉS
14	3	FÍSICA Y QUÍMICA
15	3	GEOGRAFÍA E HISTORIA
16	1	MATEMÁTICAS (1-2-3)
17	3	INGLES
18	3	LENGUA CASTELLANA Y LITERATURA (1-2-3)
19	3	MATEMÁTICAS (1-2-3)
20	3	TECNOLOGÍA Y DIGITALIZACIÓN
21	4	BIOLOGÍA Y GEOLOGÍA
22	4	ECONOMÍA
23	4	FÍSICA Y QUÍMICA
24	4	FORMACIÓN Y ORIENTACIÓN PERSONAL Y PROFESIONAL
25	4	GEOGRAFÍA E HISTORIA
26	4	INGLÉS
27	4	LENGUA CASTELLANA Y LITERATURA
28	4	MATEMÁTICAS A (1-2-3)
29	4	MATEMÁTICAS B (1-2-3)
33	5	ÁMBITO DE COMUNICACIÓN Y CIENCIAS SOCIALES
34	8	ÁMBITO DE COMUNICACIÓN Y CIENCIAS SOCIALES
35	3	2ª LENGUA EXTRANJERA- FRANCÉS
\.


--
-- Data for Name: perfiles_usuario; Type: TABLE DATA; Schema: public; Owner: postgres
--

COPY public.perfiles_usuario (id, uid, perfil) FROM stdin;
1	admin	administrador
2	susana	educadora
3	ordenanza	ordenanza
4	chisco	directiva
5	mmhernandezr01	directiva
6	emurielb76	directiva
7	mdpmartinezf01	directiva
\.


--
-- Data for Name: periodos_horarios; Type: TABLE DATA; Schema: public; Owner: postgres
--

COPY public.periodos_horarios (id, nombre, inicio, fin) FROM stdin;
1	1ª Hora	08:25:00	09:20:00
2	2ª Hora	09:20:00	10:15:00
3	3ª Hora	10:15:00	11:10:00
4	Recreo	11:10:00	11:40:00
5	4ª Hora	11:40:00	12:35:00
\.


--
-- Data for Name: prestamos; Type: TABLE DATA; Schema: public; Owner: postgres
--

COPY public.prestamos (id, uid, esalumno, doc_compromiso, fechaentregadoc, fecharecepciondoc, iniciocurso) FROM stdin;
3589	dbarradoc01	t	2	2025-09-25	2025-09-25	t
3590	rbarradot01	t	2	2025-09-25	2025-09-25	t
3597	aburdalob02	t	2	2025-09-25	2025-09-25	t
3605	acarrascof08	t	2	2025-09-25	2025-09-25	t
3593	scascor01	t	2	2025-09-25	2025-09-25	t
3599	ycastroc01	t	2	2025-09-25	2025-09-25	t
3596	pdelcerroh01	t	2	2025-09-25	2025-09-25	t
3601	mddiouck01	t	2	2025-09-25	2025-09-25	t
3592	respadaf01	t	2	2025-09-25	2025-09-25	t
3606	sgonzalezp07	t	2	2025-09-25	2025-09-25	t
3598	ljaramillob01	t	2	2025-09-25	2025-09-25	t
3600	vmatap01	t	2	2025-09-25	2025-09-25	t
3607	amunnozs14	t	2	2025-09-25	2025-09-25	t
3595	dretamosas01	t	2	2025-09-25	2025-09-25	t
3591	jrivasg03	t	2	2025-09-25	2025-09-25	t
3604	proncerob02	t	2	2025-09-25	2025-09-25	t
3603	jsanchezm48	t	2	2025-09-25	2025-09-25	t
3594	ivacas01	t	2	2025-09-25	2025-09-25	t
3602	mvazquezs28	t	2	2025-09-25	2025-09-25	t
3643	nsansegundop01	t	0	\N	\N	t
3626	ablazquezm06	t	2	2025-11-03	2025-11-03	t
3627	acaballerop15	t	2	2025-11-03	2025-11-03	t
3628	gcorrralesp01	t	2	2025-11-03	2025-11-03	t
3629	vcurielm02	t	2	2025-11-03	2025-11-03	t
3630	jjduquep01	t	2	2025-11-03	2025-11-03	t
3631	cfeliper01	t	2	2025-11-03	2025-11-03	t
3632	ifernandezm25	t	2	2025-11-03	2025-11-03	t
3633	cherasg01	t	2	2025-11-03	2025-11-03	t
3634	allopezm03	t	2	2025-11-03	2025-11-03	t
3635	amartinezc41	t	2	2025-11-03	2025-11-03	t
3636	gmiguelm01	t	2	2025-11-03	2025-11-03	t
3637	eminnanao01	t	2	2025-11-03	2025-11-03	t
3638	gredondom03	t	2	2025-11-03	2025-11-03	t
3639	prenterob01	t	2	2025-11-03	2025-11-03	t
3640	eroblesv01	t	2	2025-11-03	2025-11-03	t
3608	mamarillap01	t	2	2025-11-03	2025-11-03	t
3609	abravol03	t	2	2025-11-03	2025-11-03	t
3610	mdelgadom21	t	2	2025-11-03	2025-11-03	t
3611	jdiazf11	t	2	2025-11-03	2025-11-03	t
3612	aditoa01	t	2	2025-11-03	2025-11-03	t
3613	jafernandezm04	t	2	2025-11-03	2025-11-03	t
3614	jjaraizc03	t	2	2025-11-03	2025-11-03	t
3615	gmaldonadob01	t	2	2025-11-03	2025-11-03	t
3616	mmorav02	t	2	2025-11-03	2025-11-03	t
3617	amorannoc01	t	2	2025-11-03	2025-11-03	t
3618	lmorannoc01	t	2	2025-11-03	2025-11-03	t
3619	nmorannoc01	t	2	2025-11-03	2025-11-03	t
3620	hpereirar01	t	2	2025-11-03	2025-11-03	t
3621	rrodriguezd06	t	2	2025-11-03	2025-11-03	t
3622	dsanchezg11	t	2	2025-11-03	2025-11-03	t
3623	asolise02	t	2	2025-11-03	2025-11-03	t
3624	gsolisv01	t	2	2025-11-03	2025-11-03	t
3625	cvalhondoa01	t	2	2025-11-03	2025-11-03	t
3641	crubiov04	t	2	2025-11-03	2025-11-03	t
3642	msanchezm41	t	2	2025-11-03	2025-11-03	t
3644	asecor01	t	2	2025-11-03	2025-11-03	t
3645	asolisg14	t	2	2025-11-03	2025-11-03	t
\.


--
-- Data for Name: prestamos_items; Type: TABLE DATA; Schema: public; Owner: postgres
--

COPY public.prestamos_items (id, idprestamo, idlibro, fechaentrega, fechadevolucion, devuelto, entregado) FROM stdin;
2331	3589	6	2025-09-25	\N	f	t
2332	3589	4	2025-09-25	\N	f	t
2333	3589	3	2025-09-25	\N	f	t
2334	3589	16	2025-09-25	\N	f	t
2335	3590	6	2025-09-25	\N	f	t
2336	3590	4	2025-09-25	\N	f	t
2337	3590	3	2025-09-25	\N	f	t
2338	3590	16	2025-09-25	\N	f	t
2363	3597	6	2025-09-25	\N	f	t
2364	3597	4	2025-09-25	\N	f	t
2365	3597	3	2025-09-25	\N	f	t
2366	3597	16	2025-09-25	\N	f	t
2395	3605	6	2025-09-25	\N	f	t
2396	3605	4	2025-09-25	\N	f	t
2397	3605	3	2025-09-25	\N	f	t
2398	3605	16	2025-09-25	\N	f	t
2413	3605	13	2025-09-25	\N	f	t
2347	3593	6	2025-09-25	\N	f	t
2348	3593	4	2025-09-25	\N	f	t
2349	3593	3	2025-09-25	\N	f	t
2350	3593	16	2025-09-25	\N	f	t
2371	3599	6	2025-09-25	\N	f	t
2372	3599	4	2025-09-25	\N	f	t
2373	3599	3	2025-09-25	\N	f	t
2374	3599	16	2025-09-25	\N	f	t
2359	3596	6	2025-09-25	\N	f	t
2360	3596	4	2025-09-25	\N	f	t
2361	3596	3	2025-09-25	\N	f	t
2362	3596	16	2025-09-25	\N	f	t
2379	3601	6	2025-09-25	\N	f	t
2380	3601	4	2025-09-25	\N	f	t
2381	3601	3	2025-09-25	\N	f	t
2382	3601	16	2025-09-25	\N	f	t
2410	3601	13	2025-09-25	\N	f	t
2343	3592	6	2025-09-25	\N	f	t
2344	3592	4	2025-09-25	\N	f	t
2345	3592	3	2025-09-25	\N	f	t
2346	3592	16	2025-09-25	\N	f	t
2407	3592	13	2025-09-25	\N	f	t
2399	3606	6	2025-09-25	\N	f	t
2400	3606	4	2025-09-25	\N	f	t
2401	3606	3	2025-09-25	\N	f	t
2402	3606	16	2025-09-25	\N	f	t
2367	3598	6	2025-09-25	\N	f	t
2368	3598	4	2025-09-25	\N	f	t
2369	3598	3	2025-09-25	\N	f	t
2370	3598	16	2025-09-25	\N	f	t
2375	3600	6	2025-09-25	\N	f	t
2376	3600	4	2025-09-25	\N	f	t
2377	3600	3	2025-09-25	\N	f	t
2378	3600	16	2025-09-25	\N	f	t
2409	3600	13	2025-09-25	\N	f	t
2403	3607	6	2025-09-25	\N	f	t
2404	3607	4	2025-09-25	\N	f	t
2405	3607	3	2025-09-25	\N	f	t
2406	3607	16	2025-09-25	\N	f	t
2355	3595	6	2025-09-25	\N	f	t
2356	3595	4	2025-09-25	\N	f	t
2357	3595	3	2025-09-25	\N	f	t
2358	3595	16	2025-09-25	\N	f	t
2408	3595	13	2025-09-25	\N	f	t
2339	3591	6	2025-09-25	\N	f	t
2340	3591	4	2025-09-25	\N	f	t
2341	3591	3	2025-09-25	\N	f	t
2342	3591	16	2025-09-25	\N	f	t
2391	3604	6	2025-09-25	\N	f	t
2392	3604	4	2025-09-25	\N	f	t
2393	3604	3	2025-09-25	\N	f	t
2394	3604	16	2025-09-25	\N	f	t
2412	3604	13	2025-09-25	\N	f	t
2387	3603	6	2025-09-25	\N	f	t
2388	3603	4	2025-09-25	\N	f	t
2389	3603	3	2025-09-25	\N	f	t
2390	3603	16	2025-09-25	\N	f	t
2411	3603	13	2025-09-25	\N	f	t
2351	3594	6	2025-09-25	\N	f	t
2352	3594	4	2025-09-25	\N	f	t
2353	3594	3	2025-09-25	\N	f	t
2354	3594	16	2025-09-25	\N	f	t
2383	3602	6	2025-09-25	\N	f	t
2384	3602	4	2025-09-25	\N	f	t
2385	3602	3	2025-09-25	\N	f	t
2386	3602	16	2025-09-25	\N	f	t
2418	3609	6	2025-11-03	\N	f	t
2419	3609	4	2025-11-03	\N	f	t
2420	3609	3	2025-11-03	\N	f	t
2422	3610	6	2025-11-03	\N	f	t
2423	3610	4	2025-11-03	\N	f	t
2424	3610	3	2025-11-03	\N	f	t
2425	3610	16	2025-11-03	\N	f	t
2426	3611	6	2025-11-03	\N	f	t
2427	3611	4	2025-11-03	\N	f	t
2428	3611	3	2025-11-03	\N	f	t
2429	3611	16	2025-11-03	\N	f	t
2430	3612	6	2025-11-03	\N	f	t
2431	3612	4	2025-11-03	\N	f	t
2432	3612	3	2025-11-03	\N	f	t
2433	3612	16	2025-11-03	\N	f	t
2434	3613	6	2025-11-03	\N	f	t
2435	3613	4	2025-11-03	\N	f	t
2436	3613	3	2025-11-03	\N	f	t
2438	3614	6	2025-11-03	\N	f	t
2439	3614	4	2025-11-03	\N	f	t
2440	3614	3	2025-11-03	\N	f	t
2441	3614	16	2025-11-03	\N	f	t
2442	3615	6	2025-11-03	\N	f	t
2443	3615	4	2025-11-03	\N	f	t
2444	3615	3	2025-11-03	\N	f	t
2445	3615	16	2025-11-03	\N	f	t
2446	3616	6	2025-11-03	\N	f	t
2447	3616	4	2025-11-03	\N	f	t
2448	3616	3	2025-11-03	\N	f	t
2449	3616	16	2025-11-03	\N	f	t
2450	3617	6	2025-11-03	\N	f	t
2451	3617	4	2025-11-03	\N	f	t
2452	3617	3	2025-11-03	\N	f	t
2454	3618	6	2025-11-03	\N	f	t
2455	3618	4	2025-11-03	\N	f	t
2456	3618	3	2025-11-03	\N	f	t
2457	3618	16	2025-11-03	\N	f	t
2458	3619	6	2025-11-03	\N	f	t
2459	3619	4	2025-11-03	\N	f	t
2460	3619	3	2025-11-03	\N	f	t
2461	3619	16	2025-11-03	\N	f	t
2462	3620	6	2025-11-03	\N	f	t
2463	3620	4	2025-11-03	\N	f	t
2464	3620	3	2025-11-03	\N	f	t
2466	3621	6	2025-11-03	\N	f	t
2414	3608	6	2025-11-03	\N	f	t
2415	3608	4	2025-11-03	\N	f	t
2416	3608	3	2025-11-03	\N	f	t
2417	3608	16	2025-11-03	\N	f	t
2488	3608	13	2025-11-03	\N	f	t
2421	3609	16	2025-11-03	\N	f	t
2491	3610	13	2025-11-03	\N	f	t
2489	3611	13	2025-11-03	\N	f	t
2437	3613	16	2025-11-03	\N	f	t
2486	3616	13	2025-11-03	\N	f	t
2453	3617	16	2025-11-03	\N	f	t
2465	3620	16	2025-11-03	\N	f	t
2467	3621	4	2025-11-03	\N	f	t
2468	3621	3	2025-11-03	\N	f	t
2469	3621	16	2025-11-03	\N	f	t
2470	3622	6	2025-11-03	\N	f	t
2471	3622	4	2025-11-03	\N	f	t
2472	3622	3	2025-11-03	\N	f	t
2473	3622	16	2025-11-03	\N	f	t
2487	3622	13	2025-11-03	\N	f	t
2474	3623	6	2025-11-03	\N	f	t
2475	3623	4	2025-11-03	\N	f	t
2476	3623	3	2025-11-03	\N	f	t
2477	3623	16	2025-11-03	\N	f	t
2478	3624	6	2025-11-03	\N	f	t
2479	3624	4	2025-11-03	\N	f	t
2480	3624	3	2025-11-03	\N	f	t
2481	3624	16	2025-11-03	\N	f	t
2482	3625	6	2025-11-03	\N	f	t
2483	3625	4	2025-11-03	\N	f	t
2484	3625	3	2025-11-03	\N	f	t
2485	3625	16	2025-11-03	\N	f	t
2490	3625	13	2025-11-03	\N	f	t
2492	3626	14	2025-11-03	\N	f	t
2493	3626	18	2025-11-03	\N	f	t
2494	3626	19	2025-11-03	\N	f	t
2495	3626	17	2025-11-03	\N	f	t
2496	3626	20	2025-11-03	\N	f	t
2497	3627	14	2025-11-03	\N	f	t
2498	3627	18	2025-11-03	\N	f	t
2499	3627	19	2025-11-03	\N	f	t
2500	3627	17	2025-11-03	\N	f	t
2501	3627	20	2025-11-03	\N	f	t
2502	3628	14	2025-11-03	\N	f	t
2503	3628	18	2025-11-03	\N	f	t
2504	3628	19	2025-11-03	\N	f	t
2505	3628	17	2025-11-03	\N	f	t
2506	3628	20	2025-11-03	\N	f	t
2507	3629	14	2025-11-03	\N	f	t
2508	3629	18	2025-11-03	\N	f	t
2509	3629	19	2025-11-03	\N	f	t
2510	3629	17	2025-11-03	\N	f	t
2512	3630	14	2025-11-03	\N	f	t
2513	3630	18	2025-11-03	\N	f	t
2514	3630	19	2025-11-03	\N	f	t
2515	3630	17	2025-11-03	\N	f	t
2516	3630	20	2025-11-03	\N	f	t
2517	3631	14	2025-11-03	\N	f	t
2518	3631	18	2025-11-03	\N	f	t
2519	3631	19	2025-11-03	\N	f	t
2520	3631	17	2025-11-03	\N	f	t
2521	3631	20	2025-11-03	\N	f	t
2522	3632	14	2025-11-03	\N	f	t
2523	3632	18	2025-11-03	\N	f	t
2524	3632	19	2025-11-03	\N	f	t
2525	3632	17	2025-11-03	\N	f	t
2526	3632	20	2025-11-03	\N	f	t
2527	3633	14	2025-11-03	\N	f	t
2528	3633	18	2025-11-03	\N	f	t
2529	3633	19	2025-11-03	\N	f	t
2530	3633	17	2025-11-03	\N	f	t
2531	3633	20	2025-11-03	\N	f	t
2532	3634	14	2025-11-03	\N	f	t
2533	3634	18	2025-11-03	\N	f	t
2534	3634	19	2025-11-03	\N	f	t
2535	3634	17	2025-11-03	\N	f	t
2536	3634	20	2025-11-03	\N	f	t
2537	3635	14	2025-11-03	\N	f	t
2538	3635	18	2025-11-03	\N	f	t
2539	3635	19	2025-11-03	\N	f	t
2540	3635	17	2025-11-03	\N	f	t
2541	3635	20	2025-11-03	\N	f	t
2542	3636	14	2025-11-03	\N	f	t
2543	3636	18	2025-11-03	\N	f	t
2544	3636	19	2025-11-03	\N	f	t
2545	3636	17	2025-11-03	\N	f	t
2546	3636	20	2025-11-03	\N	f	t
2547	3637	14	2025-11-03	\N	f	t
2548	3637	18	2025-11-03	\N	f	t
2549	3637	19	2025-11-03	\N	f	t
2550	3637	17	2025-11-03	\N	f	t
2551	3637	20	2025-11-03	\N	f	t
2552	3638	14	2025-11-03	\N	f	t
2553	3638	18	2025-11-03	\N	f	t
2554	3638	19	2025-11-03	\N	f	t
2555	3638	17	2025-11-03	\N	f	t
2556	3638	20	2025-11-03	\N	f	t
2557	3639	14	2025-11-03	\N	f	t
2558	3639	18	2025-11-03	\N	f	t
2559	3639	19	2025-11-03	\N	f	t
2560	3639	17	2025-11-03	\N	f	t
2561	3639	20	2025-11-03	\N	f	t
2562	3640	14	2025-11-03	\N	f	t
2563	3640	18	2025-11-03	\N	f	t
2564	3640	19	2025-11-03	\N	f	t
2565	3640	17	2025-11-03	\N	f	t
2566	3640	20	2025-11-03	\N	f	t
2567	3641	14	2025-11-03	\N	f	t
2568	3641	18	2025-11-03	\N	f	t
2569	3641	19	2025-11-03	\N	f	t
2511	3629	20	2025-11-03	2025-11-03	f	t
2577	3643	14	2025-11-03	\N	f	f
2578	3643	18	2025-11-03	\N	f	f
2579	3643	19	2025-11-03	\N	f	f
2580	3643	17	2025-11-03	\N	f	f
2581	3643	20	2025-11-03	\N	f	f
2595	3626	35	2025-11-03	\N	f	t
2601	3628	35	2025-11-03	\N	f	t
2594	3632	35	2025-11-03	\N	f	t
2597	3633	35	2025-11-03	\N	f	t
2596	3636	35	2025-11-03	\N	f	t
2598	3637	35	2025-11-03	\N	f	t
2593	3639	35	2025-11-03	\N	f	t
2570	3641	17	2025-11-03	\N	f	t
2571	3641	20	2025-11-03	\N	f	t
2572	3642	14	2025-11-03	\N	f	t
2573	3642	18	2025-11-03	\N	f	t
2574	3642	19	2025-11-03	\N	f	t
2575	3642	17	2025-11-03	\N	f	t
2576	3642	20	2025-11-03	\N	f	t
2592	3642	35	2025-11-03	\N	f	t
2582	3644	14	2025-11-03	\N	f	t
2583	3644	18	2025-11-03	\N	f	t
2584	3644	19	2025-11-03	\N	f	t
2585	3644	17	2025-11-03	\N	f	t
2586	3644	20	2025-11-03	\N	f	t
2599	3644	35	2025-11-03	\N	f	t
2587	3645	14	2025-11-03	\N	f	t
2588	3645	18	2025-11-03	\N	f	t
2589	3645	19	2025-11-03	\N	f	t
2590	3645	17	2025-11-03	\N	f	t
2591	3645	20	2025-11-03	\N	f	t
2600	3645	35	2025-11-03	\N	f	t
\.


--
-- Data for Name: prestamos_llaves; Type: TABLE DATA; Schema: public; Owner: postgres
--

COPY public.prestamos_llaves (id, idestancia, unidades, fechaentrega, fechadevolucion, uid, devuelta) FROM stdin;
19	7	1	2025-10-22 08:06:52.399+00	2025-10-22 08:07:15.539+00	jbellidoc01	t
20	39	1	2025-10-22 12:08:16.808+00	2025-10-22 12:08:28.036+00	jbellidoc01	t
21	26	1	2025-10-23 11:35:13.155+00	2025-10-23 11:35:22.913+00	mebravom01	t
23	65	1	2025-10-24 08:13:52.477+00	2025-10-24 08:14:14.577+00	sromang06	t
24	10	1	2025-10-24 08:15:04.499+00	2025-10-24 08:20:08.606+00	mdpmartinezf01	t
26	10	1	2025-10-24 08:20:14.777+00	2025-10-24 08:20:31.654+00	mebravom01	t
25	37	1	2025-10-24 08:17:48.111+00	2025-10-24 08:21:39.84+00	chisco	t
22	59	1	2025-10-24 08:12:44.966+00	2025-10-24 08:21:46.024+00	mrcarmonav01	t
28	11	1	2025-10-24 08:32:43.69+00	2025-10-24 08:32:59.491+00	chisco	t
29	10	1	2025-10-24 08:36:06.947+00	2025-10-24 08:36:21.063+00	rmvegac01	t
30	11	1	2025-10-24 08:37:45.625+00	2025-10-24 08:38:01.071+00	chisco	t
27	14	1	2025-10-24 08:20:54.882+00	2025-10-24 08:38:07.263+00	omsanchezg01	t
33	14	1	2025-10-24 09:46:17.117+00	2025-10-24 10:28:31.17+00	mrcarmonav01	t
34	24	1	2025-10-24 10:14:48.446+00	2025-10-24 10:32:05.615+00	ndelorzac02	t
32	43	1	2025-10-24 09:36:13.711+00	2025-10-24 11:27:49.009+00	lpcamarac01	t
36	45	1	2025-10-24 10:34:05.211+00	2025-10-24 11:28:06.429+00	djuliog01	t
35	41	1	2025-10-24 10:33:00.596+00	2025-10-24 11:29:09.206+00	omsanchezg01	t
31	11	1	2025-10-24 08:39:56.386+00	2025-10-24 12:20:33.159+00	chisco	t
38	45	1	2025-10-24 11:30:03.937+00	2025-10-24 12:20:39.133+00	dmatasr01	t
37	14	1	2025-10-24 10:53:55.586+00	2025-10-24 12:21:22.014+00	cjlozanop01	t
40	11	1	2025-10-27 07:45:32.758+00	2025-10-27 08:02:23.946+00	chisco	t
41	42	1	2025-10-27 08:17:40.27+00	2025-10-27 08:18:12.438+00	chisco	t
39	26	1	2025-10-27 07:36:33.648+00	2025-10-27 08:25:12.657+00	mdcpalaciosr01	t
42	43	1	2025-10-27 08:38:01.025+00	2025-10-27 09:08:38.449+00	rmvegac01	t
78	41	1	2025-10-27 09:36:14.83+00	2025-10-27 10:11:46.273+00	rmvegac01	t
43	30	1	2025-10-27 09:00:05.18+00	2025-10-27 10:11:52.269+00	rmvegac01	t
45	22	1	2025-10-27 09:25:38.016+00	2025-10-27 10:15:16.564+00	jjmorcillor01	t
79	26	1	2025-10-27 10:15:29.102+00	2025-10-27 10:19:07.004+00	chisco	t
82	41	1	2025-10-27 10:47:43.541+00	2025-10-27 11:38:05.522+00	mgperezr02	t
81	43	1	2025-10-27 10:38:47.563+00	2025-10-27 11:38:21.971+00	lpcamarac01	t
80	30	1	2025-10-27 10:18:46.7+00	2025-10-27 11:45:10.978+00	rmvegac01	t
83	37	1	2025-10-27 12:03:47.53+00	2025-10-27 12:42:33.225+00	tecnicos	t
44	14	1	2025-10-27 09:19:19.332+00	2025-10-27 13:03:39.626+00	mtmarting03	t
86	30	1	2025-10-27 12:34:56.015+00	2025-10-27 13:17:17.307+00	efranciscor01	t
85	41	1	2025-10-27 12:30:48.387+00	2025-10-27 13:21:21.164+00	omsanchezg01	t
84	43	1	2025-10-27 12:20:06.671+00	2025-10-27 13:22:40.834+00	lpcamarac01	t
87	43	1	2025-10-28 07:26:06.297+00	2025-10-28 07:28:42.249+00	dnarcisoc01	t
88	45	1	2025-10-28 07:34:02.596+00	2025-10-28 08:44:02.589+00	chisco	t
92	45	1	2025-10-28 08:46:04.063+00	2025-10-28 08:50:08.693+00	chisco	t
93	41	1	2025-10-28 09:17:36.497+00	2025-10-28 10:12:43.193+00	omsanchezg01	t
97	22	1	2025-10-28 10:13:16.538+00	2025-10-28 10:40:20.195+00	cjlozanop01	t
95	30	1	2025-10-28 10:08:19.555+00	2025-10-28 11:28:48.345+00	amfajardol01	t
100	22	1	2025-10-28 10:47:53.904+00	2025-10-28 11:32:39.92+00	cjlozanop01	t
98	41	1	2025-10-28 10:41:06.557+00	2025-10-28 11:32:58.326+00	dmatasr01	t
99	45	1	2025-10-28 10:44:18.602+00	2025-10-28 11:44:39.478+00	jrodriguezt18	t
96	14	1	2025-10-28 10:11:45.823+00	2025-10-28 11:58:34.847+00	chisco	t
101	45	1	2025-10-28 11:34:16.392+00	2025-10-28 12:28:33.262+00	djuliog01	t
102	43	1	2025-10-28 11:34:32.602+00	2025-10-28 12:28:51.327+00	lpcamarac01	t
94	12	1	2025-10-28 09:20:36.259+00	2025-10-28 12:29:32.895+00	lmoralesg04	t
107	43	1	2025-10-28 12:31:17.64+00	2025-10-28 12:36:50.958+00	lmoralesg04	t
108	41	1	2025-10-28 12:31:30.027+00	2025-10-28 12:36:50.958+00	lmoralesg04	t
89	37	1	2025-10-28 07:42:10.979+00	2025-10-28 12:58:57.352+00	tecnicos	t
90	42	1	2025-10-28 07:42:28.843+00	2025-10-28 12:58:57.352+00	tecnicos	t
91	27	1	2025-10-28 07:42:46.593+00	2025-10-28 12:58:57.352+00	tecnicos	t
105	67	1	2025-10-28 12:27:34.391+00	2025-10-28 13:06:14.131+00	chisco	t
106	14	1	2025-10-28 12:29:58.423+00	2025-10-28 13:21:37.424+00	cjlozanop01	t
104	45	1	2025-10-28 12:26:58.994+00	2025-10-28 13:22:04.976+00	dmatasr01	t
103	71	1	2025-10-28 12:11:21.11+00	2025-10-29 08:25:52.861+00	mrcarmonav01	t
114	30	1	2025-10-29 08:32:33.496+00	2025-10-29 08:33:51.029+00	efranciscor01	t
113	42	1	2025-10-29 08:28:54.056+00	2025-10-29 09:15:29.001+00	cblancoa02	t
112	43	1	2025-10-29 08:28:00.333+00	2025-10-29 09:18:00.59+00	mjcorralesg01	t
118	17	1	2025-10-29 09:36:40.172+00	2025-10-29 09:38:04.134+00	igomezc12	t
120	30	1	2025-10-29 10:07:25.664+00	2025-10-29 10:09:18.665+00	dnarcisoc01	t
117	14	1	2025-10-29 09:19:40.693+00	2025-10-29 10:10:32.935+00	mtcerezog01	t
116	41	1	2025-10-29 09:17:52.011+00	2025-10-29 10:12:02.26+00	omsanchezg01	t
115	45	1	2025-10-29 09:17:24.441+00	2025-10-29 10:18:28.81+00	sromang06	t
119	43	1	2025-10-29 09:37:33.319+00	2025-10-29 10:23:20.681+00	rmvegac01	t
122	41	1	2025-10-29 10:42:37.203+00	2025-10-29 11:32:54.137+00	omsanchezg01	t
123	43	1	2025-10-29 10:45:19.393+00	2025-10-29 11:34:14.14+00	amfajardol01	t
124	41	1	2025-10-29 11:35:20.239+00	2025-10-29 12:38:23.032+00	mgperezr02	t
111	14	1	2025-10-29 08:25:20.477+00	2025-10-29 12:38:27.954+00	mtmarting03	t
109	37	1	2025-10-29 07:31:11.62+00	2025-10-29 13:12:38.31+00	tecnicos	t
110	27	1	2025-10-29 07:31:26.608+00	2025-10-29 13:12:38.31+00	tecnicos	t
121	36	1	2025-10-29 10:38:14.279+00	2025-10-29 13:12:38.31+00	tecnicos	t
129	67	1	2025-10-30 07:38:35.123+00	2025-10-30 07:45:13.016+00	ndelorzac02	t
128	41	1	2025-10-30 07:33:09.562+00	2025-10-30 08:24:53.131+00	omsanchezg01	t
132	45	1	2025-10-30 08:24:18.531+00	2025-10-30 09:17:07.686+00	sromang06	t
133	41	1	2025-10-30 09:10:46.743+00	2025-10-30 09:28:24.041+00	chisco	t
134	43	1	2025-10-30 09:10:56.51+00	2025-10-30 09:28:24.041+00	chisco	t
135	55	1	2025-10-30 09:12:13.041+00	2025-10-30 09:28:24.041+00	chisco	t
136	47	1	2025-10-30 09:28:51.973+00	2025-10-30 09:37:32.365+00	chisco	t
127	14	1	2025-10-30 07:27:50.645+00	2025-10-30 10:47:37.016+00	lmoralesg04	t
126	39	1	2025-10-30 07:13:23.324+00	2025-10-30 10:57:58.769+00	pety78	t
137	14	1	2025-10-30 10:46:42.185+00	2025-10-30 11:31:07.077+00	omsanchezg01	t
125	71	1	2025-10-30 07:12:45.896+00	2025-10-30 11:36:06.506+00	pety78	t
139	41	1	2025-10-30 10:57:47.848+00	2025-10-30 11:36:06.506+00	pety78	t
130	27	1	2025-10-30 07:40:14.444+00	2025-10-30 12:55:59.823+00	tecnicos	t
131	37	1	2025-10-30 07:40:42.988+00	2025-10-30 12:55:59.823+00	tecnicos	t
138	17	1	2025-10-30 10:56:47.756+00	2025-10-30 13:24:58.064+00	emurielb76	t
145	41	1	2025-10-31 07:36:57.396+00	2025-10-31 07:37:43.597+00	mebravom01	t
143	45	1	2025-10-31 07:32:55.964+00	2025-10-31 08:21:44.71+00	omsanchezg01	t
146	43	1	2025-10-31 07:37:50.818+00	2025-10-31 08:23:10.661+00	mebravom01	t
144	14	1	2025-10-31 07:33:50.825+00	2025-10-31 08:23:48.765+00	mtcerezog01	t
151	14	1	2025-10-31 08:26:35.958+00	2025-10-31 09:16:53.555+00	omsanchezg01	t
147	22	1	2025-10-31 07:45:09.815+00	2025-10-31 09:17:06.602+00	mafloresm01	t
153	43	1	2025-10-31 10:14:07.764+00	2025-10-31 12:42:38.749+00	chisco	t
140	27	1	2025-10-31 07:31:11.611+00	2025-10-31 12:56:30.101+00	tecnicos	t
141	42	1	2025-10-31 07:31:36.635+00	2025-10-31 12:56:30.101+00	tecnicos	t
150	17	1	2025-10-31 08:17:02.157+00	2025-10-31 13:21:58.095+00	mgperezr02	t
152	45	1	2025-10-31 09:21:47.367+00	2025-10-31 10:19:16.778+00	vpalaciosg06	t
156	14	1	2025-10-31 10:45:27.299+00	2025-10-31 11:34:16.494+00	cjlozanop01	t
155	71	1	2025-10-31 10:44:41.806+00	2025-10-31 11:54:46.995+00	mrcarmonav01	t
154	47	1	2025-10-31 10:14:41.383+00	2025-10-31 12:42:38.749+00	chisco	t
142	37	1	2025-10-31 07:31:50.683+00	2025-10-31 12:56:30.101+00	tecnicos	t
148	41	1	2025-10-31 07:55:47.779+00	2025-10-31 12:56:30.101+00	tecnicos	t
149	40	1	2025-10-31 07:57:05.86+00	2025-10-31 12:56:30.101+00	tecnicos	t
157	43	1	2025-10-31 11:02:49.288+00	2025-10-31 12:56:30.101+00	tecnicos	t
158	19	1	2025-10-31 12:46:30.637+00	2025-10-31 13:21:29.53+00	chisco	t
165	43	1	2025-11-03 08:07:24.331+00	2025-11-03 08:23:49.187+00	chisco	t
167	22	1	2025-11-03 09:18:35.217+00	2025-11-03 10:14:44.151+00	jjmorcillor01	t
168	14	1	2025-11-03 09:29:54.677+00	2025-11-03 10:20:47.111+00	mtmarting03	t
170	67	1	2025-11-03 10:19:30.6+00	2025-11-03 10:21:31.635+00	isabel22	t
171	17	1	2025-11-03 10:20:40.906+00	2025-11-03 10:52:42.825+00	mtmarting03	t
169	30	1	2025-11-03 10:13:43.427+00	2025-11-03 10:58:13.973+00	mgperezr02	t
172	41	1	2025-11-03 10:47:42.394+00	2025-11-03 11:32:59.048+00	mgperezr02	t
174	22	1	2025-11-03 11:36:08.203+00	2025-11-03 12:24:45.019+00	mgranadob01	t
175	67	1	2025-11-03 12:28:10.975+00	2025-11-03 13:21:25.645+00	ndelorzac02	t
173	14	1	2025-11-03 11:19:26.104+00	2025-11-03 13:21:30.615+00	mtmarting03	t
159	71	1	2025-11-03 07:34:07.006+00	2025-11-03 13:21:37.152+00	mrcarmonav01	t
160	27	1	2025-11-03 07:34:34.709+00	2025-11-03 13:21:42.865+00	tecnicos	t
161	44	1	2025-11-03 07:34:50.47+00	2025-11-03 13:21:46.703+00	tecnicos	t
162	42	1	2025-11-03 07:35:00.629+00	2025-11-03 13:21:49.407+00	tecnicos	t
163	37	1	2025-11-03 07:35:09.756+00	2025-11-03 13:21:52.111+00	tecnicos	t
166	59	1	2025-11-03 08:53:01.954+00	2025-11-03 13:21:55.232+00	tecnicos	t
176	43	1	2025-11-03 12:29:15.938+00	2025-11-03 13:23:19.473+00	omsanchezg01	t
177	30	1	2025-11-04 07:31:01.003+00	2025-11-04 08:22:21.188+00	dnarcisoc01	t
178	43	1	2025-11-04 07:32:12.586+00	2025-11-04 09:09:38.588+00	chisco	t
183	45	1	2025-11-04 08:26:28.798+00	2025-11-04 09:20:03.8+00	jjmorcillor01	t
189	22	1	2025-11-04 10:11:06.538+00	2025-11-04 10:40:40.869+00	cjlozanop01	t
190	22	1	2025-11-04 10:40:58.266+00	2025-11-04 11:32:18.005+00	jjmorcillor01	t
185	67	1	2025-11-04 09:25:03.065+00	2025-11-04 11:34:50.314+00	ndelorzac02	t
191	41	1	2025-11-04 10:54:16.19+00	2025-11-04 12:05:16.721+00	chisco	t
193	43	1	2025-11-04 11:35:14.139+00	2025-11-04 12:27:03.044+00	lpcamarac01	t
184	14	1	2025-11-04 09:19:18.381+00	2025-11-04 12:27:08.309+00	lmoralesg04	t
180	42	1	2025-11-04 07:44:32.12+00	2025-11-04 12:39:06.364+00	tecnicos	t
179	37	1	2025-11-04 07:44:21.079+00	2025-11-04 12:39:24.584+00	tecnicos	t
188	60	1	2025-11-04 09:57:49.687+00	2025-11-04 12:39:32.844+00	tecnicos	t
187	59	1	2025-11-04 09:57:26.31+00	2025-11-04 12:39:43.166+00	tecnicos	t
181	27	1	2025-11-04 07:44:46.551+00	2025-11-04 12:39:51.676+00	tecnicos	t
182	44	1	2025-11-04 07:50:57.069+00	2025-11-04 12:39:58.219+00	tecnicos	t
194	45	1	2025-11-04 12:43:23.615+00	2025-11-04 12:43:36.754+00	mjparejom05	t
195	45	1	2025-11-04 12:43:53.49+00	2025-11-04 13:21:09.087+00	jjmorcillor01	t
186	71	1	2025-11-04 09:52:05.046+00	2025-11-04 13:21:46.212+00	mrcarmonav01	t
196	45	1	2025-11-05 07:30:43.809+00	2025-11-05 07:59:33.809+00	chisco	t
164	75	1	2025-11-03 07:49:13.309+00	2025-11-05 07:59:38.074+00	chisco	t
202	43	1	2025-11-05 08:23:05.788+00	2025-11-05 09:17:51.818+00	mgperezr02	t
203	14	1	2025-11-05 08:42:30.78+00	2025-11-05 09:59:34.315+00	omsanchezg01	t
207	43	1	2025-11-05 10:49:03.65+00	2025-11-05 11:31:49.764+00	omsanchezg01	t
206	67	1	2025-11-05 10:48:51.305+00	2025-11-05 11:32:04.917+00	ndelorzac02	t
208	41	1	2025-11-05 10:53:35.455+00	2025-11-05 11:32:44.401+00	mafloresm01	t
204	71	1	2025-11-05 10:43:57.233+00	2025-11-05 12:27:05.834+00	mrcarmonav01	t
205	14	1	2025-11-05 10:46:19.76+00	2025-11-05 12:27:54.476+00	mtmarting03	t
209	41	1	2025-11-05 11:34:21.672+00	2025-11-05 12:32:56.504+00	mgperezr02	t
201	37	1	2025-11-05 07:49:17.569+00	2025-11-05 13:06:41.014+00	tecnicos	t
199	54	1	2025-11-05 07:48:32.801+00	2025-11-05 13:06:44.154+00	tecnicos	t
198	60	1	2025-11-05 07:48:00.709+00	2025-11-05 13:06:47.411+00	tecnicos	t
197	59	1	2025-11-05 07:47:43.939+00	2025-11-05 13:06:50.146+00	tecnicos	t
200	52	1	2025-11-05 07:48:58.116+00	2025-11-05 13:06:52.899+00	tecnicos	t
212	14	1	2025-11-05 12:29:18.621+00	2025-11-05 13:18:56.215+00	omsanchezg01	t
210	13	1	2025-11-05 11:41:12.427+00	2025-11-05 13:21:01.703+00	mrcarmonav01	t
211	45	1	2025-11-05 12:27:40.508+00	2025-11-05 13:21:06.135+00	mrcarmonav01	t
214	22	1	2025-11-06 10:13:44.879+00	2025-11-06 10:37:45.595+00	mgranadob01	t
213	14	1	2025-11-06 09:22:34.686+00	2025-11-06 10:43:02.058+00	lpcamarac01	t
217	22	1	2025-11-06 10:46:28.963+00	2025-11-06 10:49:05.153+00	jjmorcillor01	t
215	84	1	2025-11-06 10:44:49.92+00	2025-11-06 10:49:46.713+00	jmmurillon01	t
219	67	1	2025-11-06 10:53:34.298+00	2025-11-06 10:54:29.702+00	rmvegac01	t
216	14	1	2025-11-06 10:45:08.284+00	2025-11-06 11:31:32.245+00	omsanchezg01	t
218	41	1	2025-11-06 10:48:41.908+00	2025-11-06 11:35:14.311+00	mgperezr02	t
192	71	1	2025-11-04 11:08:45.258+00	2025-11-06 12:00:46.314+00	dnarcisoc01	t
222	71	1	2025-11-06 11:35:28.272+00	2025-11-06 12:01:09.183+00	mahernandezr06	t
224	71	1	2025-11-06 12:01:24.751+00	2025-11-06 12:01:30.259+00	mrcarmonav01	t
221	14	1	2025-11-06 11:33:41.099+00	2025-11-06 12:22:23.826+00	lmoralesg04	t
220	30	1	2025-11-06 10:54:37.765+00	2025-11-06 12:23:52.939+00	rmvegac01	t
223	45	1	2025-11-06 11:45:34.659+00	2025-11-06 12:26:54.631+00	jrodriguezt18	t
258	30	1	2025-11-06 12:28:12.844+00	2025-11-06 13:21:59.425+00	mafloresm01	t
225	14	1	2025-11-06 12:22:40.178+00	2025-11-06 13:22:04.052+00	cjlozanop01	t
\.


--
-- Data for Name: reservas_estancias; Type: TABLE DATA; Schema: public; Owner: postgres
--

COPY public.reservas_estancias (id, idestancia, idperiodo_inicio, idperiodo_fin, uid, fecha, descripcion) FROM stdin;
1	45	3	4	chisco	2025-11-13	Reserva de prueba.
\.


--
-- Data for Name: restricciones; Type: TABLE DATA; Schema: public; Owner: postgres
--

COPY public.restricciones (id, tipo, restriccion, descripcion, valor_num, valor_bool) FROM stdin;
\.


--
-- Data for Name: session; Type: TABLE DATA; Schema: public; Owner: postgres
--

COPY public.session (sid, sess, expire) FROM stdin;
ysi8qfV0qaD_WjD7LGs5CGXlL4iXQHYh	{"cookie":{"originalMaxAge":86400000,"expires":"2025-11-07T08:33:23.677Z","secure":true,"httpOnly":true,"path":"/","sameSite":"lax"},"ldap":{"dn":"uid=ordenanza,ou=People,dc=instituto,dc=extremadura,dc=es","password":"ordenanza"}}	2025-11-07 13:22:05
\.


--
-- Name: api_cursos_id_seq; Type: SEQUENCE SET; Schema: public; Owner: postgres
--

SELECT pg_catalog.setval('public.api_cursos_id_seq', 4, true);


--
-- Name: cursos_id_seq; Type: SEQUENCE SET; Schema: public; Owner: postgres
--

SELECT pg_catalog.setval('public.cursos_id_seq', 8, true);


--
-- Name: estancias_id_seq; Type: SEQUENCE SET; Schema: public; Owner: postgres
--

SELECT pg_catalog.setval('public.estancias_id_seq', 84, true);


--
-- Name: libros_id_seq; Type: SEQUENCE SET; Schema: public; Owner: postgres
--

SELECT pg_catalog.setval('public.libros_id_seq', 35, true);


--
-- Name: perfiles_usuario_id_seq; Type: SEQUENCE SET; Schema: public; Owner: postgres
--

SELECT pg_catalog.setval('public.perfiles_usuario_id_seq', 7, true);


--
-- Name: periodos_horarios_id_seq; Type: SEQUENCE SET; Schema: public; Owner: postgres
--

SELECT pg_catalog.setval('public.periodos_horarios_id_seq', 5, true);


--
-- Name: prestamos_id_seq; Type: SEQUENCE SET; Schema: public; Owner: postgres
--

SELECT pg_catalog.setval('public.prestamos_id_seq', 3645, true);


--
-- Name: prestamos_items_id_seq; Type: SEQUENCE SET; Schema: public; Owner: postgres
--

SELECT pg_catalog.setval('public.prestamos_items_id_seq', 2601, true);


--
-- Name: prestamos_llaves_id_seq; Type: SEQUENCE SET; Schema: public; Owner: postgres
--

SELECT pg_catalog.setval('public.prestamos_llaves_id_seq', 258, true);


--
-- Name: reservas_estancias_id_seq; Type: SEQUENCE SET; Schema: public; Owner: postgres
--

SELECT pg_catalog.setval('public.reservas_estancias_id_seq', 1, true);


--
-- Name: restricciones_id_seq; Type: SEQUENCE SET; Schema: public; Owner: postgres
--

SELECT pg_catalog.setval('public.restricciones_id_seq', 1, false);


--
-- Name: cursos cursos_pkey; Type: CONSTRAINT; Schema: public; Owner: postgres
--

ALTER TABLE ONLY public.cursos
    ADD CONSTRAINT cursos_pkey PRIMARY KEY (id);


--
-- Name: estancias estancias_pkey; Type: CONSTRAINT; Schema: public; Owner: postgres
--

ALTER TABLE ONLY public.estancias
    ADD CONSTRAINT estancias_pkey PRIMARY KEY (id);


--
-- Name: libros libros_pkey; Type: CONSTRAINT; Schema: public; Owner: postgres
--

ALTER TABLE ONLY public.libros
    ADD CONSTRAINT libros_pkey PRIMARY KEY (id);


--
-- Name: perfiles_usuario perfiles_usuario_pkey; Type: CONSTRAINT; Schema: public; Owner: postgres
--

ALTER TABLE ONLY public.perfiles_usuario
    ADD CONSTRAINT perfiles_usuario_pkey PRIMARY KEY (id);


--
-- Name: perfiles_usuario perfiles_usuario_uid_key; Type: CONSTRAINT; Schema: public; Owner: postgres
--

ALTER TABLE ONLY public.perfiles_usuario
    ADD CONSTRAINT perfiles_usuario_uid_key UNIQUE (uid);


--
-- Name: periodos_horarios periodos_horarios_pkey; Type: CONSTRAINT; Schema: public; Owner: postgres
--

ALTER TABLE ONLY public.periodos_horarios
    ADD CONSTRAINT periodos_horarios_pkey PRIMARY KEY (id);


--
-- Name: prestamos_items prestamos_items_pkey; Type: CONSTRAINT; Schema: public; Owner: postgres
--

ALTER TABLE ONLY public.prestamos_items
    ADD CONSTRAINT prestamos_items_pkey PRIMARY KEY (id);


--
-- Name: prestamos_llaves prestamos_llaves_pkey; Type: CONSTRAINT; Schema: public; Owner: postgres
--

ALTER TABLE ONLY public.prestamos_llaves
    ADD CONSTRAINT prestamos_llaves_pkey PRIMARY KEY (id);


--
-- Name: prestamos prestamos_pkey; Type: CONSTRAINT; Schema: public; Owner: postgres
--

ALTER TABLE ONLY public.prestamos
    ADD CONSTRAINT prestamos_pkey PRIMARY KEY (id);


--
-- Name: reservas_estancias reservas_estancias_pkey; Type: CONSTRAINT; Schema: public; Owner: postgres
--

ALTER TABLE ONLY public.reservas_estancias
    ADD CONSTRAINT reservas_estancias_pkey PRIMARY KEY (id);


--
-- Name: restricciones restricciones_pkey; Type: CONSTRAINT; Schema: public; Owner: postgres
--

ALTER TABLE ONLY public.restricciones
    ADD CONSTRAINT restricciones_pkey PRIMARY KEY (id);


--
-- Name: session session_pkey; Type: CONSTRAINT; Schema: public; Owner: postgres
--

ALTER TABLE ONLY public.session
    ADD CONSTRAINT session_pkey PRIMARY KEY (sid);


--
-- Name: IDX_session_expire; Type: INDEX; Schema: public; Owner: postgres
--

CREATE INDEX "IDX_session_expire" ON public.session USING btree (expire);


--
-- Name: prestamos_llaves prestamos_llaves_idestancia_fkey; Type: FK CONSTRAINT; Schema: public; Owner: postgres
--

ALTER TABLE ONLY public.prestamos_llaves
    ADD CONSTRAINT prestamos_llaves_idestancia_fkey FOREIGN KEY (idestancia) REFERENCES public.estancias(id) ON DELETE CASCADE;


--
-- Name: SCHEMA public; Type: ACL; Schema: -; Owner: postgres
--

REVOKE USAGE ON SCHEMA public FROM PUBLIC;
GRANT ALL ON SCHEMA public TO PUBLIC;


--
-- PostgreSQL database dump complete
--

\unrestrict T0h9swmp1EZEqfePPWlZQca0qUfBpfjJRJTamI4ft7sXrTesj3FBeZ03kkUtsfE

